{
  "USA": [
    {
      "state":"Alaska",
      "latitude":61.3850,
      "longitude":-152.2683,
      "stateID":0
    },
    {
      "state":"Alabama",
      "latitude":32.7990,
      "longitude":-86.8073,
      "stateID":1
    },
    {
      "state":"Arkansas",
      "latitude":34.9513,
      "longitude":-92.3809,
      "stateID":2
    },
    {
      "state":"Arizona",
      "latitude":33.7712,
      "longitude":-111.3877,
      "stateID":3
    },
    {
      "state":"California",
      "latitude":36.1700,
      "longitude":-119.7462,
      "stateID":4
    },
    {
      "state":"Colorado",
      "latitude":39.0646,
      "longitude":-105.3272,
      "stateID":5
    },
    {
      "state":"Connecticut",
      "latitude":41.5834,
      "longitude":-72.7622,
      "stateID":6
    },
    {
      "state":"Delaware",
      "latitude":39.3498,
      "longitude":-75.5148,
      "stateID":7
    },
    {
      "state":"Florida",
      "latitude":27.8333,
      "longitude":-81.7170,
      "stateID":8
    },
    {
      "state":"Georgia",
      "latitude":32.9866,
      "longitude":-83.6487,
      "stateID":9
    },
    {
      "state":"Hawaii",
      "latitude":21.1098,
      "longitude":-157.5311,
      "stateID":10
    },
    {
      "state":"Iowa",
      "latitude":42.0046,
      "longitude":-93.2140,
      "stateID":11
    },
    {
      "state":"Idaho",
      "latitude":44.2394,
      "longitude":-114.5103,
      "stateID":12
    },
    {
      "state":"Illinois",
      "latitude":40.3363,
      "longitude":-89.0022,
      "stateID":13
    },
    {
      "state":"Indiana",
      "latitude":39.8647,
      "longitude":-86.2604,
      "stateID":14
    },
    {
      "state":"Kansas",
      "latitude":38.5111,
      "longitude":-96.8005,
      "stateID":15
    },
    {
      "state":"Kentucky",
      "latitude":37.6690,
      "longitude":-84.6514,
      "stateID":16
    },
    {
      "state":"Louisiana",
      "latitude":31.1801,
      "longitude":-91.8749,
      "stateID":17
    },
    {
      "state":"Massachusetts",
      "latitude":42.2373,
      "longitude":-71.5314,
      "stateID":18
    },
    {
      "state":"Maryland",
      "latitude":39.0724,
      "longitude":-76.7902,
      "stateID":19
    },
    {
      "state":"Maine",
      "latitude":44.6074,
      "longitude":-69.3977,
      "stateID":20
    },
    {
      "state":"Michigan",
      "latitude":43.3504,
      "longitude":-84.5603,
      "stateID":21
    },
    {
      "state":"Minnesota",
      "latitude":45.7326,
      "longitude":-93.9196,
      "stateID":22
    },
    {
      "state":"Missouri",
      "latitude":38.4623,
      "longitude":-92.3020,
      "stateID":23
    },
    {
      "state":"Mississippi",
      "latitude":32.7673,
      "longitude":-89.6812,
      "stateID":24
    },
    {
      "state":"Montana",
      "latitude":46.9048,
      "longitude":-110.3261,
      "stateID":25
    },
    {
      "state":"North Carolina",
      "latitude":35.6411,
      "longitude":-79.8431,
      "stateID":26
    },
    {
      "state":"North Dakota",
      "latitude":47.5362,
      "longitude":-99.7930,
      "stateID":27
    },
    {
      "state":"Nebraska",
      "latitude":41.1289,
      "longitude":-98.2883,
      "stateID":28
    },
    {
      "state":"New Hampshire",
      "latitude":43.4108,
      "longitude":-71.5653,
      "stateID":29
    },
    {
      "state":"New Jersey",
      "latitude":40.3140,
      "longitude":-74.5089,
      "stateID":30
    },
    {
      "state":"New Mexico",
      "latitude":34.8375,
      "longitude":-106.2371,
      "stateID":31
    },
    {
      "state":"Nevada",
      "latitude":38.4199,
      "longitude":-117.1219,
      "stateID":32
    },
    {
      "state":"New York",
      "latitude":42.1497,
      "longitude":-74.9384,
      "stateID":33
    },
    {
      "state":"Ohio",
      "latitude":40.3736,
      "longitude":-82.7755,
      "stateID":34
    },
    {
      "state":"Oklahoma",
      "latitude":35.5376,
      "longitude":-96.9247,
      "stateID":35
    },
    {
      "state":"Oregon",
      "latitude":44.5672,
      "longitude":-122.1269,
      "stateID":36
    },
    {
      "state":"Pennsylvania",
      "latitude":40.5773,
      "longitude":-77.2640,
      "stateID":37
    },
    {
      "state":"Rhode Island",
      "latitude":41.6772,
      "longitude":-71.5101,
      "stateID":38
    },
    {
      "state":"South Carolina",
      "latitude":33.8191,
      "longitude":-80.9066,
      "stateID":39
    },
    {
      "state":"South Dakota",
      "latitude":44.2853,
      "longitude":-99.4632,
      "stateID":40
    },
    {
      "state":"Tennessee",
      "latitude":35.7449,
      "longitude":-86.7489,
      "stateID":41
    },
    {
      "state":"Texas",
      "latitude":31.1060,
      "longitude":-97.6475,
      "stateID":42
    },
    {
      "state":"Utah",
      "latitude":40.1135,
      "longitude":-111.8535,
      "stateID":43
    },
    {
      "state":"Virginia",
      "latitude":37.7680,
      "longitude":-78.2057,
      "stateID":44
    },
    {
      "state":"Vermont",
      "latitude":44.0407,
      "longitude":-72.7093,
      "stateID":45
    },
    {
      "state":"Washington",
      "latitude":47.3917,
      "longitude":-121.5708,
      "stateID":46
    },
    {
      "state":"Wisconsin",
      "latitude":44.2563,
      "longitude":-89.6385,
      "stateID":47
    },
    {
      "state":"West Virginia",
      "latitude":38.4680,
      "longitude":-80.9696,
      "stateID":48
    },
    {
      "state":"Wyoming",
      "latitude":42.7475,
      "longitude":-107.2085,
      "stateID":49
    }
  ],
  "Australia": [
    {
      "state":"New South Wales",
      "latitude":-33.030356,
      "longitude":145.635108,
      "stateID":0
    },
    {
      "state":"Northern Territory",
      "latitude":-20.499687,
      "longitude":133.444582,
      "stateID":1
    },
    {
      "state":"Queensland",
      "latitude":-23.592397,
      "longitude":144.557799,
      "stateID":2
    },
    {
      "state":"South Australia",
      "latitude":-29.829255,
      "longitude":134.277140,
      "stateID":3
    },
    {
      "state":"Tasmania",
      "latitude":-42.139427,
      "longitude":146.530196,
      "stateID":4
    },
    {
      "state":" Victoria",
      "latitude":-37.238256,
      "longitude":143.903261,
      "stateID":5
    },
    {
      "state":"Western Australia",
      "latitude":-27.083687,
      "longitude":122.060461,
      "stateID":6
    }
  ]
}