{
  "USA": [
    {
      "state":"Alaska",
      "latitude":61.3850,
      "longitude":-152.2683,
      "stateID":0, 
       "domain":[{"r":"r"},{"g":"g"},{"b":"b"},{"y":"y"},{"o":"o"}],
      "color":-1
    },
    {
      "state":"Alabama",
      "latitude":32.7990,
      "longitude":-86.8073,
      "stateID":1, 
        "domain":[{"r":"r"},{"g":"g"},{"b":"b"},{"y":"y"},{"o":"o"}],
      "color":-1
    },
    {
      "state":"Arkansas",
      "latitude":34.9513,
      "longitude":-92.3809,
      "stateID":2, 
         "domain":[{"r":"r"},{"g":"g"},{"b":"b"},{"y":"y"},{"o":"o"}],
      "color":-1
    },
    {
      "state":"Arizona",
      "latitude":33.7712,
      "longitude":-111.3877,
      "stateID":3, 
      "domain":[{"r":"r"},{"g":"g"},{"b":"b"},{"y":"y"},{"o":"o"}],
      "color":-1
    },
    {
      "state":"California",
      "latitude":36.1700,
      "longitude":-119.7462,
      "stateID":4, 
          "domain":[{"r":"r"},{"g":"g"},{"b":"b"},{"y":"y"},{"o":"o"}],
      "color":-1
    },
    {
      "state":"Colorado",
      "latitude":39.0646,
      "longitude":-105.3272,
      "stateID":5, 
        "domain":[{"r":"r"},{"g":"g"},{"b":"b"},{"y":"y"},{"o":"o"}],
      "color":-1
    },
    {
      "state":"Connecticut",
      "latitude":41.5834,
      "longitude":-72.7622,
      "stateID":6, 
        "domain":[{"r":"r"},{"g":"g"},{"b":"b"},{"y":"y"},{"o":"o"}],
      "color":-1
    },
    {
      "state":"Delaware",
      "latitude":39.3498,
      "longitude":-75.5148,
      "stateID":7, 
         "domain":[{"r":"r"},{"g":"g"},{"b":"b"},{"y":"y"},{"o":"o"}],
      "color":-1
    },
    {
      "state":"Florida",
      "latitude":27.8333,
      "longitude":-81.7170,
      "stateID":8, 
         "domain":[{"r":"r"},{"g":"g"},{"b":"b"},{"y":"y"},{"o":"o"}],
      "color":-1
    },
    {
      "state":"Georgia",
      "latitude":32.9866,
      "longitude":-83.6487,
      "stateID":9, 
       "domain":[{"r":"r"},{"g":"g"},{"b":"b"},{"y":"y"},{"o":"o"}],
      "color":-1
    },
    {
      "state":"Hawaii",
      "latitude":21.1098,
      "longitude":-157.5311,
      "stateID":10, 
       "domain":[{"r":"r"},{"g":"g"},{"b":"b"},{"y":"y"},{"o":"o"}],
      "color":-1
    },
    {
      "state":"Iowa",
      "latitude":42.0046,
      "longitude":-93.2140,
      "stateID":11, 
          "domain":[{"r":"r"},{"g":"g"},{"b":"b"},{"y":"y"},{"o":"o"}],
      "color":-1
    },
    {
      "state":"Idaho",
      "latitude":44.2394,
      "longitude":-114.5103,
      "stateID":12, 
        "domain":[{"r":"r"},{"g":"g"},{"b":"b"},{"y":"y"},{"o":"o"}],
      "color":-1
    },
    {
      "state":"Illinois",
      "latitude":40.3363,
      "longitude":-89.0022,
      "stateID":13, 
        "domain":[{"r":"r"},{"g":"g"},{"b":"b"},{"y":"y"},{"o":"o"}],
      "color":-1
    },
    {
      "state":"Indiana",
      "latitude":39.8647,
      "longitude":-86.2604,
      "stateID":14, 
         "domain":[{"r":"r"},{"g":"g"},{"b":"b"},{"y":"y"},{"o":"o"}],
      "color":-1
    },
    {
      "state":"Kansas",
      "latitude":38.5111,
      "longitude":-96.8005,
      "stateID":15, 
         "domain":[{"r":"r"},{"g":"g"},{"b":"b"},{"y":"y"},{"o":"o"}],
               "color":-1
    },
    {
      "state":"Kentucky",
      "latitude":37.6690,
      "longitude":-84.6514,
      "stateID":16, 
         "domain":[{"r":"r"},{"g":"g"},{"b":"b"},{"y":"y"},{"o":"o"}],
      "color":-1
    },
    {
      "state":"Louisiana",
      "latitude":31.1801,
      "longitude":-91.8749,
      "stateID":17, 
       "domain":[{"r":"r"},{"g":"g"},{"b":"b"},{"y":"y"},{"o":"o"}],
      "color":-1
    },
    {
      "state":"Massachusetts",
      "latitude":42.2373,
      "longitude":-71.5314,
      "stateID":18, 
        "domain":[{"r":"r"},{"g":"g"},{"b":"b"},{"y":"y"},{"o":"o"}],
      "color":-1
    },
    {
      "state":"Maryland",
      "latitude":39.0724,
      "longitude":-76.7902,
      "stateID":19, 
       "domain":[{"r":"r"},{"g":"g"},{"b":"b"},{"y":"y"},{"o":"o"}],
      "color":-1
    },
    {
      "state":"Maine",
      "latitude":44.6074,
      "longitude":-69.3977,
      "stateID":20, 
         "domain":[{"r":"r"},{"g":"g"},{"b":"b"},{"y":"y"},{"o":"o"}],
      "color":-1
    },
    {
      "state":"Michigan",
      "latitude":43.3504,
      "longitude":-84.5603,
      "stateID":21, 
         "domain":[{"r":"r"},{"g":"g"},{"b":"b"},{"y":"y"},{"o":"o"}],
      "color":-1
    },
    {
      "state":"Minnesota",
      "latitude":45.7326,
      "longitude":-93.9196,
      "stateID":22, 
       "domain":[{"r":"r"},{"g":"g"},{"b":"b"},{"y":"y"},{"o":"o"}],
      "color":-1
    },
    {
      "state":"Missouri",
      "latitude":38.4623,
      "longitude":-92.3020,
      "stateID":23, 
        "domain":[{"r":"r"},{"g":"g"},{"b":"b"},{"y":"y"},{"o":"o"}],
      "color":-1
    },
    {
      "state":"Mississippi",
      "latitude":32.7673,
      "longitude":-89.6812,
      "stateID":24, 
        "domain":[{"r":"r"},{"g":"g"},{"b":"b"},{"y":"y"},{"o":"o"}],
      "color":-1
    },
    {
      "state":"Montana",
      "latitude":46.9048,
      "longitude":-110.3261,
      "stateID":25, 
         "domain":[{"r":"r"},{"g":"g"},{"b":"b"},{"y":"y"},{"o":"o"}],
      "color":-1
    },
    {
      "state":"North Carolina",
      "latitude":35.6411,
      "longitude":-79.8431,
      "stateID":26, 
         "domain":[{"r":"r"},{"g":"g"},{"b":"b"},{"y":"y"},{"o":"o"}],
      "color":-1
    },
    {
      "state":"North Dakota",
      "latitude":47.5362,
      "longitude":-99.7930,
      "stateID":27, 
        "domain":[{"r":"r"},{"g":"g"},{"b":"b"},{"y":"y"},{"o":"o"}],
      "color":-1
    },
    {
      "state":"Nebraska",
      "latitude":41.1289,
      "longitude":-98.2883,
      "stateID":28, 
       "domain":[{"r":"r"},{"g":"g"},{"b":"b"},{"y":"y"},{"o":"o"}],
      "color":-1
    },
    {
      "state":"New Hampshire",
      "latitude":43.4108,
      "longitude":-71.5653,
      "stateID":29, 
        "domain":[{"r":"r"},{"g":"g"},{"b":"b"},{"y":"y"},{"o":"o"}],
      "color":-1
    },
    {
      "state":"New Jersey",
      "latitude":40.3140,
      "longitude":-74.5089,
      "stateID":30, 
   "domain":[{"r":"r"},{"g":"g"},{"b":"b"},{"y":"y"},{"o":"o"}],
        "color":-1
    },
    {
      "state":"New Mexico",
      "latitude":34.8375,
      "longitude":-106.2371,
      "stateID":31, 
    "domain":[{"r":"r"},{"g":"g"},{"b":"b"},{"y":"y"},{"o":"o"}],
      "color":-1
    },
    {
      "state":"Nevada",
      "latitude":38.4199,
      "longitude":-117.1219,
      "stateID":32, 
        "domain":[{"r":"r"},{"g":"g"},{"b":"b"},{"y":"y"},{"o":"o"}],
      "color":-1
    },
    {
      "state":"New York",
      "latitude":42.1497,
      "longitude":-74.9384,
      "stateID":33, 
   "domain":[{"r":"r"},{"g":"g"},{"b":"b"},{"y":"y"},{"o":"o"}],
      "color":-1
    },
    {
      "state":"Ohio",
      "latitude":40.3736,
      "longitude":-82.7755,
      "stateID":34, 
        "domain":[{"r":"r"},{"g":"g"},{"b":"b"},{"y":"y"},{"o":"o"}],
      "color":-1
    },
    {
      "state":"Oklahoma",
      "latitude":35.5376,
      "longitude":-96.9247,
      "stateID":35, 
     "domain":[{"r":"r"},{"g":"g"},{"b":"b"},{"y":"y"},{"o":"o"}],
      "color":-1
    },
    {
      "state":"Oregon",
      "latitude":44.5672,
      "longitude":-122.1269,
      "stateID":36, 
      "domain":[{"r":"r"},{"g":"g"},{"b":"b"},{"y":"y"},{"o":"o"}],
      "color":-1
    },
    {
      "state":"Pennsylvania",
      "latitude":40.5773,
      "longitude":-77.2640,
      "stateID":37, 
         "domain":[{"r":"r"},{"g":"g"},{"b":"b"},{"y":"y"},{"o":"o"}],
      "color":-1
    },
    {
      "state":"Rhode Island",
      "latitude":41.6772,
      "longitude":-71.5101,
      "stateID":38, 
         "domain":[{"r":"r"},{"g":"g"},{"b":"b"},{"y":"y"},{"o":"o"}],
      "color":-1
    },
    {
      "state":"South Carolina",
      "latitude":33.8191,
      "longitude":-80.9066,
      "stateID":39, 
   "domain":[{"r":"r"},{"g":"g"},{"b":"b"},{"y":"y"},{"o":"o"}],
      "color":-1
    },
    {
      "state":"South Dakota",
      "latitude":44.2853,
      "longitude":-99.4632,
      "stateID":40, 
      "domain":[{"r":"r"},{"g":"g"},{"b":"b"},{"y":"y"},{"o":"o"}],
      "color":-1
    },
    {
      "state":"Tennessee",
      "latitude":35.7449,
      "longitude":-86.7489,
      "stateID":41, 
    "domain":[{"r":"r"},{"g":"g"},{"b":"b"},{"y":"y"},{"o":"o"}],
      "color":-1
    },
    {
      "state":"Texas",
      "latitude":31.1060,
      "longitude":-97.6475,
      "stateID":42, 
      "domain":[{"r":"r"},{"g":"g"},{"b":"b"},{"y":"y"},{"o":"o"}],
      "color":-1
    },
    {
      "state":"Utah",
      "latitude":40.1135,
      "longitude":-111.8535,
      "stateID":43, 
         "domain":[{"r":"r"},{"g":"g"},{"b":"b"},{"y":"y"},{"o":"o"}],
      "color":-1
    },
    {
      "state":"Virginia",
      "latitude":37.7680,
      "longitude":-78.2057,
      "stateID":44, 
         "domain":[{"r":"r"},{"g":"g"},{"b":"b"},{"y":"y"},{"o":"o"}],
      "color":-1
    },
    {
      "state":"Vermont",
      "latitude":44.0407,
      "longitude":-72.7093,
      "stateID":45, 
         "domain":[{"r":"r"},{"g":"g"},{"b":"b"},{"y":"y"},{"o":"o"}],
      "color":-1
    },
    {
      "state":"Washington",
      "latitude":47.3917,
      "longitude":-121.5708,
      "stateID":46, 
        "domain":[{"r":"r"},{"g":"g"},{"b":"b"},{"y":"y"},{"o":"o"}],
      "color":-1
    },
    {
      "state":"Wisconsin",
      "latitude":44.2563,
      "longitude":-89.6385,
      "stateID":47, 
         "domain":[{"r":"r"},{"g":"g"},{"b":"b"},{"y":"y"},{"o":"o"}],
      "color":-1
    },
    {
      "state":"West Virginia",
      "latitude":38.4680,
      "longitude":-80.9696,
      "stateID":48, 
         "domain":[{"r":"r"},{"g":"g"},{"b":"b"},{"y":"y"},{"o":"o"}],
      "color":-1
    },
    {
      "state":"Wyoming",
      "latitude":42.7475,
      "longitude":-107.2085,
      "stateID":49, 
        "domain":[{"r":"r"},{"g":"g"},{"b":"b"},{"y":"y"},{"o":"o"}],
      "color":-1
    }

  ]
}

















